zmdi zmdi-group,group
zmdi zmdi-rss,rss
zmdi zmdi-shape,shape
zmdi zmdi-spinner,spinner
zmdi zmdi-ungroup,ungroup
zmdi zmdi-500px,500px
zmdi zmdi-8tracks,8tracks
zmdi zmdi-amazon,amazon
zmdi zmdi-blogger,blogger
zmdi zmdi-delicious,delicious
zmdi zmdi-disqus,disqus
zmdi zmdi-flattr,flattr
zmdi zmdi-flickr,flickr
zmdi zmdi-github-alt,github-alt
zmdi zmdi-google-old,google-old
zmdi zmdi-linkedin,linkedin
zmdi zmdi-odnoklassniki,odnoklassniki
zmdi zmdi-outlook,outlook
zmdi zmdi-paypal-alt,paypal-alt
zmdi zmdi-pinterest,pinterest
zmdi zmdi-playstation,playstation
zmdi zmdi-reddit,reddit
zmdi zmdi-skype,skype
zmdi zmdi-slideshare,slideshare
zmdi zmdi-soundcloud,soundcloud
zmdi zmdi-tumblr,tumblr
zmdi zmdi-twitch,twitch
zmdi zmdi-vimeo,vimeo
zmdi zmdi-whatsapp,whatsapp
zmdi zmdi-xbox,xbox
zmdi zmdi-yahoo,yahoo
zmdi zmdi-youtube-play,youtube-play
zmdi zmdi-youtube,youtube
zmdi zmdi-google,google
zmdi zmdi-google-plus-box,google-plus-box
zmdi zmdi-google-plus,google-plus
zmdi zmdi-paypal,paypal
zmdi zmdi-3d-rotation,3d-rotation
zmdi zmdi-airplane-off,airplane-off
zmdi zmdi-airplane,airplane
zmdi zmdi-album,album
zmdi zmdi-archive,archive
zmdi zmdi-assignment-account,assignment-account
zmdi zmdi-assignment-alert,assignment-alert
zmdi zmdi-assignment-check,assignment-check
zmdi zmdi-assignment-o,assignment-o
zmdi zmdi-assignment-return,assignment-return
zmdi zmdi-assignment-returned,assignment-returned
zmdi zmdi-assignment,assignment
zmdi zmdi-attachment-alt,attachment-alt
zmdi zmdi-attachment,attachment
zmdi zmdi-audio,audio
zmdi zmdi-badge-check,badge-check
zmdi zmdi-balance-wallet,balance-wallet
zmdi zmdi-balance,balance
zmdi zmdi-battery-alert,battery-alert
zmdi zmdi-battery-flash,battery-flash
zmdi zmdi-battery-unknown,battery-unknown
zmdi zmdi-battery,battery
zmdi zmdi-bike,bike
zmdi zmdi-block-alt,block-alt
zmdi zmdi-block,block
zmdi zmdi-boat,boat
zmdi zmdi-book-image,book-image
zmdi zmdi-book,book
zmdi zmdi-bookmark-outline,bookmark-outline
zmdi zmdi-bookmark,bookmark
zmdi zmdi-brush,brush
zmdi zmdi-bug,bug
zmdi zmdi-bus,bus
zmdi zmdi-cake,cake
zmdi zmdi-car-taxi,car-taxi
zmdi zmdi-car-wash,car-wash
zmdi zmdi-car,car
zmdi zmdi-card-giftcard,card-giftcard
zmdi zmdi-card-membership,card-membership
zmdi zmdi-card-travel,card-travel
zmdi zmdi-card,card
zmdi zmdi-case-check,case-check
zmdi zmdi-case-download,case-download
zmdi zmdi-case-play,case-play
zmdi zmdi-case,case
zmdi zmdi-cast-connected,cast-connected
zmdi zmdi-cast,cast
zmdi zmdi-chart-donut,chart-donut
zmdi zmdi-chart,chart
zmdi zmdi-city-alt,city-alt
zmdi zmdi-city,city
zmdi zmdi-close-circle-o,close-circle-o
zmdi zmdi-close-circle,close-circle
zmdi zmdi-close,close
zmdi zmdi-cocktail,cocktail
zmdi zmdi-code-setting,code-setting
zmdi zmdi-code-smartphone,code-smartphone
zmdi zmdi-code,code
zmdi zmdi-coffee,coffee
zmdi zmdi-collection-bookmark,collection-bookmark
zmdi zmdi-collection-case-play,collection-case-play
zmdi zmdi-collection-folder-image,collection-folder-image
zmdi zmdi-collection-image-o,collection-image-o
zmdi zmdi-collection-image,collection-image
zmdi zmdi-collection-item-1,collection-item-1
zmdi zmdi-collection-item-2,collection-item-2
zmdi zmdi-collection-item-3,collection-item-3
zmdi zmdi-collection-item-4,collection-item-4
zmdi zmdi-collection-item-5,collection-item-5
zmdi zmdi-collection-item-6,collection-item-6
zmdi zmdi-collection-item-7,collection-item-7
zmdi zmdi-collection-item-8,collection-item-8
zmdi zmdi-collection-item-9-plus,collection-item-9-plus
zmdi zmdi-collection-item-9,collection-item-9
zmdi zmdi-collection-item,collection-item
zmdi zmdi-collection-music,collection-music
zmdi zmdi-collection-pdf,collection-pdf
zmdi zmdi-collection-plus,collection-plus
zmdi zmdi-collection-speaker,collection-speaker
zmdi zmdi-collection-text,collection-text
zmdi zmdi-collection-video,collection-video
zmdi zmdi-compass,compass
zmdi zmdi-cutlery,cutlery
zmdi zmdi-delete,delete
zmdi zmdi-dialpad,dialpad
zmdi zmdi-dns,dns
zmdi zmdi-drink,drink
zmdi zmdi-edit,edit
zmdi zmdi-email-open,email-open
zmdi zmdi-email,email
zmdi zmdi-eye-off,eye-off
zmdi zmdi-eye,eye
zmdi zmdi-eyedropper,eyedropper
zmdi zmdi-favorite-outline,favorite-outline
zmdi zmdi-favorite,favorite
zmdi zmdi-filter-list,filter-list
zmdi zmdi-fire,fire
zmdi zmdi-flag,flag
zmdi zmdi-flare,flare
zmdi zmdi-flash-auto,flash-auto
zmdi zmdi-flash-off,flash-off
zmdi zmdi-flash,flash
zmdi zmdi-flip,flip
zmdi zmdi-flower-alt,flower-alt
zmdi zmdi-flower,flower
zmdi zmdi-font,font
zmdi zmdi-fullscreen-alt,fullscreen-alt
zmdi zmdi-fullscreen-exit,fullscreen-exit
zmdi zmdi-fullscreen,fullscreen
zmdi zmdi-functions,functions
zmdi zmdi-gas-station,gas-station
zmdi zmdi-gesture,gesture
zmdi zmdi-globe-alt,globe-alt
zmdi zmdi-globe-lock,globe-lock
zmdi zmdi-globe,globe
zmdi zmdi-graduation-cap,graduation-cap
zmdi zmdi-group,group
zmdi zmdi-home,home
zmdi zmdi-hospital-alt,hospital-alt
zmdi zmdi-hospital,hospital
zmdi zmdi-hotel,hotel
zmdi zmdi-hourglass-alt,hourglass-alt
zmdi zmdi-hourglass-outline,hourglass-outline
zmdi zmdi-hourglass,hourglass
zmdi zmdi-http,http
zmdi zmdi-image-alt,image-alt
zmdi zmdi-image-o,image-o
zmdi zmdi-image,image
zmdi zmdi-inbox,inbox
zmdi zmdi-invert-colors-off,invert-colors-off
zmdi zmdi-invert-colors,invert-colors
zmdi zmdi-key,key
zmdi zmdi-label-alt-outline,label-alt-outline
zmdi zmdi-label-alt,label-alt
zmdi zmdi-label-heart,label-heart
zmdi zmdi-label,label
zmdi zmdi-labels,labels
zmdi zmdi-lamp,lamp
zmdi zmdi-landscape,landscape
zmdi zmdi-layers-off,layers-off
zmdi zmdi-layers,layers
zmdi zmdi-library,library
zmdi zmdi-link,link
zmdi zmdi-lock-open,lock-open
zmdi zmdi-lock-outline,lock-outline
zmdi zmdi-lock,lock
zmdi zmdi-mail-reply-all,mail-reply-all
zmdi zmdi-mail-reply,mail-reply
zmdi zmdi-mail-send,mail-send
zmdi zmdi-mall,mall
zmdi zmdi-map,map
zmdi zmdi-menu,menu
zmdi zmdi-money-box,money-box
zmdi zmdi-money-off,money-off
zmdi zmdi-money,money
zmdi zmdi-more-vert,more-vert
zmdi zmdi-more,more
zmdi zmdi-movie-alt,movie-alt
zmdi zmdi-movie,movie
zmdi zmdi-nature-people,nature-people
zmdi zmdi-nature,nature
zmdi zmdi-navigation,navigation
zmdi zmdi-open-in-browser,open-in-browser
zmdi zmdi-open-in-new,open-in-new
zmdi zmdi-palette,palette
zmdi zmdi-parking,parking
zmdi zmdi-pin-account,pin-account
zmdi zmdi-pin-assistant,pin-assistant
zmdi zmdi-pin-drop,pin-drop
zmdi zmdi-pin-help,pin-help
zmdi zmdi-pin-off,pin-off
zmdi zmdi-pin,pin
zmdi zmdi-pizza,pizza
zmdi zmdi-plaster,plaster
zmdi zmdi-power-setting,power-setting
zmdi zmdi-power,power
zmdi zmdi-print,print
zmdi zmdi-puzzle-piece,puzzle-piece
zmdi zmdi-quote,quote
zmdi zmdi-railway,railway
zmdi zmdi-receipt,receipt
zmdi zmdi-refresh-alt,refresh-alt
zmdi zmdi-refresh-sync-alert,refresh-sync-alert
zmdi zmdi-refresh-sync-off,refresh-sync-off
zmdi zmdi-refresh-sync,refresh-sync
zmdi zmdi-refresh,refresh
zmdi zmdi-roller,roller
zmdi zmdi-ruler,ruler
zmdi zmdi-scissors,scissors
zmdi zmdi-screen-rotation-lock,screen-rotation-lock
zmdi zmdi-screen-rotation,screen-rotation
zmdi zmdi-search-for,search-for
zmdi zmdi-search-in-file,search-in-file
zmdi zmdi-search-in-page,search-in-page
zmdi zmdi-search-replace,search-replace
zmdi zmdi-search,search
zmdi zmdi-seat,seat
zmdi zmdi-settings-square,settings-square
zmdi zmdi-settings,settings
zmdi zmdi-shape,shape
zmdi zmdi-shield-check,shield-check
zmdi zmdi-shield-security,shield-security
zmdi zmdi-shopping-basket,shopping-basket
zmdi zmdi-shopping-cart-plus,shopping-cart-plus
zmdi zmdi-shopping-cart,shopping-cart
zmdi zmdi-sign-in,sign-in
zmdi zmdi-sort-amount-asc,sort-amount-asc
zmdi zmdi-sort-amount-desc,sort-amount-desc
zmdi zmdi-sort-asc,sort-asc
zmdi zmdi-sort-desc,sort-desc
zmdi zmdi-spellcheck,spellcheck
zmdi zmdi-spinner,spinner
zmdi zmdi-storage,storage
zmdi zmdi-store-24,store-24
zmdi zmdi-store,store
zmdi zmdi-subway,subway
zmdi zmdi-sun,sun
zmdi zmdi-tab-unselected,tab-unselected
zmdi zmdi-tab,tab
zmdi zmdi-tag-close,tag-close
zmdi zmdi-tag-more,tag-more
zmdi zmdi-tag,tag
zmdi zmdi-thumb-down,thumb-down
zmdi zmdi-thumb-up-down,thumb-up-down
zmdi zmdi-thumb-up,thumb-up
zmdi zmdi-ticket-star,ticket-star
zmdi zmdi-toll,toll
zmdi zmdi-toys,toys
zmdi zmdi-traffic,traffic
zmdi zmdi-translate,translate
zmdi zmdi-triangle-down,triangle-down
zmdi zmdi-triangle-up,triangle-up
zmdi zmdi-truck,truck
zmdi zmdi-turning-sign,turning-sign
zmdi zmdi-ungroup,ungroup
zmdi zmdi-wallpaper,wallpaper
zmdi zmdi-washing-machine,washing-machine
zmdi zmdi-window-maximize,window-maximize
zmdi zmdi-window-minimize,window-minimize
zmdi zmdi-window-restore,window-restore
zmdi zmdi-wrench,wrench
zmdi zmdi-zoom-in,zoom-in
zmdi zmdi-zoom-out,zoom-out
zmdi zmdi-alert-circle-o,alert-circle-o
zmdi zmdi-alert-circle,alert-circle
zmdi zmdi-alert-octagon,alert-octagon
zmdi zmdi-alert-polygon,alert-polygon
zmdi zmdi-alert-triangle,alert-triangle
zmdi zmdi-help-outline,help-outline
zmdi zmdi-help,help
zmdi zmdi-info-outline,info-outline
zmdi zmdi-info,info
zmdi zmdi-notifications-active,notifications-active
zmdi zmdi-notifications-add,notifications-add
zmdi zmdi-notifications-none,notifications-none
zmdi zmdi-notifications-off,notifications-off
zmdi zmdi-notifications-paused,notifications-paused
zmdi zmdi-notifications,notifications
zmdi zmdi-account-add,account-add
zmdi zmdi-account-box-mail,account-box-mail
zmdi zmdi-account-box-o,account-box-o
zmdi zmdi-account-box-phone,account-box-phone
zmdi zmdi-account-box,account-box
zmdi zmdi-account-calendar,account-calendar
zmdi zmdi-account-circle,account-circle
zmdi zmdi-account-o,account-o
zmdi zmdi-account,account
zmdi zmdi-accounts-add,accounts-add
zmdi zmdi-accounts-alt,accounts-alt
zmdi zmdi-accounts-list-alt,accounts-list-alt
zmdi zmdi-accounts-list,accounts-list
zmdi zmdi-accounts-outline,accounts-outline
zmdi zmdi-accounts,accounts
zmdi zmdi-face,face
zmdi zmdi-female,female
zmdi zmdi-male-alt,male-alt
zmdi zmdi-male-female,male-female
zmdi zmdi-male,male
zmdi zmdi-mood-bad,mood-bad
zmdi zmdi-mood,mood
zmdi zmdi-run,run
zmdi zmdi-walk,walk
zmdi zmdi-cloud-box,cloud-box
zmdi zmdi-cloud-circle,cloud-circle
zmdi zmdi-cloud-done,cloud-done
zmdi zmdi-cloud-download,cloud-download
zmdi zmdi-cloud-off,cloud-off
zmdi zmdi-cloud-outline-alt,cloud-outline-alt
zmdi zmdi-cloud-outline,cloud-outline
zmdi zmdi-cloud-upload,cloud-upload
zmdi zmdi-cloud,cloud
zmdi zmdi-download,download
zmdi zmdi-file-plus,file-plus
zmdi zmdi-file-text,file-text
zmdi zmdi-file,file
zmdi zmdi-folder-outline,folder-outline
zmdi zmdi-folder-person,folder-person
zmdi zmdi-folder-star-alt,folder-star-alt
zmdi zmdi-folder-star,folder-star
zmdi zmdi-folder,folder
zmdi zmdi-gif,gif
zmdi zmdi-upload,upload
zmdi zmdi-border-all,border-all
zmdi zmdi-border-bottom,border-bottom
zmdi zmdi-border-clear,border-clear
zmdi zmdi-border-color,border-color
zmdi zmdi-border-horizontal,border-horizontal
zmdi zmdi-border-inner,border-inner
zmdi zmdi-border-left,border-left
zmdi zmdi-border-outer,border-outer
zmdi zmdi-border-right,border-right
zmdi zmdi-border-style,border-style
zmdi zmdi-border-top,border-top
zmdi zmdi-border-vertical,border-vertical
zmdi zmdi-copy,copy
zmdi zmdi-crop,crop
zmdi zmdi-format-align-center,format-align-center
zmdi zmdi-format-align-justify,format-align-justify
zmdi zmdi-format-align-left,format-align-left
zmdi zmdi-format-align-right,format-align-right
zmdi zmdi-format-bold,format-bold
zmdi zmdi-format-clear-all,format-clear-all
zmdi zmdi-format-clear,format-clear
zmdi zmdi-format-color-fill,format-color-fill
zmdi zmdi-format-color-reset,format-color-reset
zmdi zmdi-format-color-text,format-color-text
zmdi zmdi-format-indent-decrease,format-indent-decrease
zmdi zmdi-format-indent-increase,format-indent-increase
zmdi zmdi-format-italic,format-italic
zmdi zmdi-format-line-spacing,format-line-spacing
zmdi zmdi-format-list-bulleted,format-list-bulleted
zmdi zmdi-format-list-numbered,format-list-numbered
zmdi zmdi-format-ltr,format-ltr
zmdi zmdi-format-rtl,format-rtl
zmdi zmdi-format-size,format-size
zmdi zmdi-format-strikethrough-s,format-strikethrough-s
zmdi zmdi-format-strikethrough,format-strikethrough
zmdi zmdi-format-subject,format-subject
zmdi zmdi-format-underlined,format-underlined
zmdi zmdi-format-valign-bottom,format-valign-bottom
zmdi zmdi-format-valign-center,format-valign-center
zmdi zmdi-format-valign-top,format-valign-top
zmdi zmdi-redo,redo
zmdi zmdi-select-all,select-all
zmdi zmdi-space-bar,space-bar
zmdi zmdi-text-format,text-format
zmdi zmdi-transform,transform
zmdi zmdi-undo,undo
zmdi zmdi-wrap-text,wrap-text
zmdi zmdi-comment-alert,comment-alert
zmdi zmdi-comment-alt-text,comment-alt-text
zmdi zmdi-comment-alt,comment-alt
zmdi zmdi-comment-edit,comment-edit
zmdi zmdi-comment-image,comment-image
zmdi zmdi-comment-list,comment-list
zmdi zmdi-comment-more,comment-more
zmdi zmdi-comment-outline,comment-outline
zmdi zmdi-comment-text-alt,comment-text-alt
zmdi zmdi-comment-text,comment-text
zmdi zmdi-comment-video,comment-video
zmdi zmdi-comment,comment
zmdi zmdi-comments,comments
zmdi zmdi-check-all,check-all
zmdi zmdi-check-circle-u,check-circle-u
zmdi zmdi-check-circle,check-circle
zmdi zmdi-check-square,check-square
zmdi zmdi-check,check
zmdi zmdi-circle-o,circle-o
zmdi zmdi-circle,circle
zmdi zmdi-dot-circle-alt,dot-circle-alt
zmdi zmdi-dot-circle,dot-circle
zmdi zmdi-minus-circle-outline,minus-circle-outline
zmdi zmdi-minus-circle,minus-circle
zmdi zmdi-minus-square,minus-square
zmdi zmdi-minus,minus
zmdi zmdi-plus-circle-o-duplicate,plus-circle-o-duplicate
zmdi zmdi-plus-circle-o,plus-circle-o
zmdi zmdi-plus-circle,plus-circle
zmdi zmdi-plus-square,plus-square
zmdi zmdi-plus,plus
zmdi zmdi-square-o,square-o
zmdi zmdi-star-circle,star-circle
zmdi zmdi-star-half,star-half
zmdi zmdi-star-outline,star-outline
zmdi zmdi-star,star
zmdi zmdi-bluetooth-connected,bluetooth-connected
zmdi zmdi-bluetooth-off,bluetooth-off
zmdi zmdi-bluetooth-search,bluetooth-search
zmdi zmdi-bluetooth-setting,bluetooth-setting
zmdi zmdi-bluetooth,bluetooth
zmdi zmdi-camera-add,camera-add
zmdi zmdi-camera-alt,camera-alt
zmdi zmdi-camera-bw,camera-bw
zmdi zmdi-camera-front,camera-front
zmdi zmdi-camera-mic,camera-mic
zmdi zmdi-camera-party-mode,camera-party-mode
zmdi zmdi-camera-rear,camera-rear
zmdi zmdi-camera-roll,camera-roll
zmdi zmdi-camera-switch,camera-switch
zmdi zmdi-camera,camera
zmdi zmdi-card-alert,card-alert
zmdi zmdi-card-off,card-off
zmdi zmdi-card-sd,card-sd
zmdi zmdi-card-sim,card-sim
zmdi zmdi-desktop-mac,desktop-mac
zmdi zmdi-desktop-windows,desktop-windows
zmdi zmdi-device-hub,device-hub
zmdi zmdi-devices-off,devices-off
zmdi zmdi-devices,devices
zmdi zmdi-dock,dock
zmdi zmdi-floppy,floppy
zmdi zmdi-gamepad,gamepad
zmdi zmdi-gps-dot,gps-dot
zmdi zmdi-gps-off,gps-off
zmdi zmdi-gps,gps
zmdi zmdi-headset-mic,headset-mic
zmdi zmdi-headset,headset
zmdi zmdi-input-antenna,input-antenna
zmdi zmdi-input-composite,input-composite
zmdi zmdi-input-hdmi,input-hdmi
zmdi zmdi-input-power,input-power
zmdi zmdi-input-svideo,input-svideo
zmdi zmdi-keyboard-hide,keyboard-hide
zmdi zmdi-keyboard,keyboard
zmdi zmdi-laptop-chromebook,laptop-chromebook
zmdi zmdi-laptop-mac,laptop-mac
zmdi zmdi-laptop,laptop
zmdi zmdi-mic-off,mic-off
zmdi zmdi-mic-outline,mic-outline
zmdi zmdi-mic-setting,mic-setting
zmdi zmdi-mic,mic
zmdi zmdi-mouse,mouse
zmdi zmdi-network-alert,network-alert
zmdi zmdi-network-locked,network-locked
zmdi zmdi-network-off,network-off
zmdi zmdi-network-outline,network-outline
zmdi zmdi-network-setting,network-setting
zmdi zmdi-network,network
zmdi zmdi-phone-bluetooth,phone-bluetooth
zmdi zmdi-phone-end,phone-end
zmdi zmdi-phone-forwarded,phone-forwarded
zmdi zmdi-phone-in-talk,phone-in-talk
zmdi zmdi-phone-locked,phone-locked
zmdi zmdi-phone-missed,phone-missed
zmdi zmdi-phone-msg,phone-msg
zmdi zmdi-phone-paused,phone-paused
zmdi zmdi-phone-ring,phone-ring
zmdi zmdi-phone-setting,phone-setting
zmdi zmdi-phone-sip,phone-sip
zmdi zmdi-phone,phone
zmdi zmdi-portable-wifi-changes,portable-wifi-changes
zmdi zmdi-portable-wifi-off,portable-wifi-off
zmdi zmdi-portable-wifi,portable-wifi
zmdi zmdi-radio,radio
zmdi zmdi-reader,reader
zmdi zmdi-remote-control-alt,remote-control-alt
zmdi zmdi-remote-control,remote-control
zmdi zmdi-router,router
zmdi zmdi-scanner,scanner
zmdi zmdi-smartphone-android,smartphone-android
zmdi zmdi-smartphone-download,smartphone-download
zmdi zmdi-smartphone-erase,smartphone-erase
zmdi zmdi-smartphone-info,smartphone-info
zmdi zmdi-smartphone-iphone,smartphone-iphone
zmdi zmdi-smartphone-landscape-lock,smartphone-landscape-lock
zmdi zmdi-smartphone-landscape,smartphone-landscape
zmdi zmdi-smartphone-lock,smartphone-lock
zmdi zmdi-smartphone-portrait-lock,smartphone-portrait-lock
zmdi zmdi-smartphone-ring,smartphone-ring
zmdi zmdi-smartphone-setting,smartphone-setting
zmdi zmdi-smartphone-setup,smartphone-setup
zmdi zmdi-smartphone,smartphone
zmdi zmdi-speaker,speaker
zmdi zmdi-tablet-android,tablet-android
zmdi zmdi-tablet-mac,tablet-mac
zmdi zmdi-tablet,tablet
zmdi zmdi-tv-alt-play,tv-alt-play
zmdi zmdi-tv-list,tv-list
zmdi zmdi-tv-play,tv-play
zmdi zmdi-tv,tv
zmdi zmdi-usb,usb
zmdi zmdi-videocam-off,videocam-off
zmdi zmdi-videocam-switch,videocam-switch
zmdi zmdi-videocam,videocam
zmdi zmdi-watch,watch
zmdi zmdi-wifi-alt-2,wifi-alt-2
zmdi zmdi-wifi-alt,wifi-alt
zmdi zmdi-wifi-info,wifi-info
zmdi zmdi-wifi-lock,wifi-lock
zmdi zmdi-wifi-off,wifi-off
zmdi zmdi-wifi-outline,wifi-outline
zmdi zmdi-wifi,wifi
zmdi zmdi-arrow-left-bottom,arrow-left-bottom
zmdi zmdi-arrow-left,arrow-left
zmdi zmdi-arrow-merge,arrow-merge
zmdi zmdi-arrow-missed,arrow-missed
zmdi zmdi-arrow-right-top,arrow-right-top
zmdi zmdi-arrow-right,arrow-right
zmdi zmdi-arrow-split,arrow-split
zmdi zmdi-arrows,arrows
zmdi zmdi-caret-down-circle,caret-down-circle
zmdi zmdi-caret-down,caret-down
zmdi zmdi-caret-left-circle,caret-left-circle
zmdi zmdi-caret-left,caret-left
zmdi zmdi-caret-right-circle,caret-right-circle
zmdi zmdi-caret-right,caret-right
zmdi zmdi-caret-up-circle,caret-up-circle
zmdi zmdi-caret-up,caret-up
zmdi zmdi-chevron-down,chevron-down
zmdi zmdi-chevron-left,chevron-left
zmdi zmdi-chevron-right,chevron-right
zmdi zmdi-chevron-up,chevron-up
zmdi zmdi-forward,forward
zmdi zmdi-long-arrow-down,long-arrow-down
zmdi zmdi-long-arrow-left,long-arrow-left
zmdi zmdi-long-arrow-return,long-arrow-return
zmdi zmdi-long-arrow-right,long-arrow-right
zmdi zmdi-long-arrow-tab,long-arrow-tab
zmdi zmdi-long-arrow-up,long-arrow-up
zmdi zmdi-rotate-ccw,rotate-ccw
zmdi zmdi-rotate-cw,rotate-cw
zmdi zmdi-rotate-left,rotate-left
zmdi zmdi-rotate-right,rotate-right
zmdi zmdi-square-down,square-down
zmdi zmdi-square-right,square-right
zmdi zmdi-swap-alt,swap-alt
zmdi zmdi-swap-vertical-circle,swap-vertical-circle
zmdi zmdi-swap-vertical,swap-vertical
zmdi zmdi-swap,swap
zmdi zmdi-trending-down,trending-down
zmdi zmdi-trending-flat,trending-flat
zmdi zmdi-trending-up,trending-up
zmdi zmdi-unfold-less,unfold-less
zmdi zmdi-unfold-more,unfold-more
zmdi zmdi-directions-bike "></i> zmdi-directions-bike</a></div>
zmdi zmdi-directions-boat "></i> zmdi-directions-boat</a></div>
zmdi zmdi-directions-bus "></i> zmdi-directions-bus</a></div>
zmdi zmdi-directions-car "></i> zmdi-directions-car</a></div>
zmdi zmdi-directions-railway "></i> zmdi-directions-railway</a></div>
zmdi zmdi-directions-run "></i> zmdi-directions-run</a></div>
zmdi zmdi-directions-subway "></i> zmdi-directions-subway</a></div>
zmdi zmdi-directions-walk "></i> zmdi-directions-walk</a></div>
zmdi zmdi-directions "></i> zmdi-directions</a></div>
zmdi zmdi-layers-off "></i> zmdi-layers-off</a></div>
zmdi zmdi-layers "></i> zmdi-layers</a></div>
zmdi zmdi-local-activity "></i> zmdi-local-activity</a></div>
zmdi zmdi-local-airport "></i> zmdi-local-airport</a></div>
zmdi zmdi-local-atm "></i> zmdi-local-atm</a></div>
zmdi zmdi-local-bar "></i> zmdi-local-bar</a></div>
zmdi zmdi-local-cafe "></i> zmdi-local-cafe</a></div>
zmdi zmdi-local-car-wash "></i> zmdi-local-car-wash</a></div>
zmdi zmdi-local-convenience-store "></i> zmdi-local-convenience-store</a></div>
zmdi zmdi-local-dining "></i> zmdi-local-dining</a></div>
zmdi zmdi-local-drink "></i> zmdi-local-drink</a></div>
zmdi zmdi-local-florist "></i> zmdi-local-florist</a></div>
zmdi zmdi-local-gas-station "></i> zmdi-local-gas-station</a></div>
zmdi zmdi-local-grocery-store "></i> zmdi-local-grocery-store</a></div>
zmdi zmdi-local-hospital "></i> zmdi-local-hospital</a></div>
zmdi zmdi-local-hotel "></i> zmdi-local-hotel</a></div>
zmdi zmdi-local-laundry-service "></i> zmdi-local-laundry-service</a></div>
zmdi zmdi-local-library "></i> zmdi-local-library</a></div>
zmdi zmdi-local-mall "></i> zmdi-local-mall</a></div>
zmdi zmdi-local-movies "></i> zmdi-local-movies</a></div>
zmdi zmdi-local-offer "></i> zmdi-local-offer</a></div>
zmdi zmdi-local-parking "></i> zmdi-local-parking</a></div>
zmdi zmdi-local-pharmacy "></i> zmdi-local-pharmacy</a></div>
zmdi zmdi-local-phone "></i> zmdi-local-phone</a></div>
zmdi zmdi-local-pizza "></i> zmdi-local-pizza</a></div>
zmdi zmdi-local-activity "></i> zmdi-local-activity</a></div>
zmdi zmdi-local-post-office "></i> zmdi-local-post-office</a></div>
zmdi zmdi-local-printshop "></i> zmdi-local-printshop</a></div>
zmdi zmdi-local-see "></i> zmdi-local-see</a></div>
zmdi zmdi-local-shipping "></i> zmdi-local-shipping</a></div>
zmdi zmdi-local-store "></i> zmdi-local-store</a></div>
zmdi zmdi-local-taxi "></i> zmdi-local-taxi</a></div>
zmdi zmdi-local-wc "></i> zmdi-local-wc</a></div>
zmdi zmdi-map "></i> zmdi-map</a></div>
zmdi zmdi-my-location "></i> zmdi-my-location</a></div>
zmdi zmdi-nature-people "></i> zmdi-nature-people</a></div>
zmdi zmdi-nature "></i> zmdi-nature</a></div>
zmdi zmdi-navigation "></i> zmdi-navigation</a></div>
zmdi zmdi-pin-account "></i> zmdi-pin-account</a></div>
zmdi zmdi-pin-assistant "></i> zmdi-pin-assistant</a></div>
zmdi zmdi-pin-drop "></i> zmdi-pin-drop</a></div>
zmdi zmdi-pin-help "></i> zmdi-pin-help</a></div>
zmdi zmdi-pin-off "></i> zmdi-pin-off</a></div>
zmdi zmdi-pin "></i> zmdi-pin</a></div>
zmdi zmdi-traffic "></i> zmdi-traffic</a></div>
zmdi zmdi-apps,apps
zmdi zmdi-grid-off,grid-off
zmdi zmdi-grid,grid
zmdi zmdi-view-agenda,view-agenda
zmdi zmdi-view-array,view-array
zmdi zmdi-view-carousel,view-carousel
zmdi zmdi-view-column,view-column
zmdi zmdi-view-comfy,view-comfy
zmdi zmdi-view-compact,view-compact
zmdi zmdi-view-dashboard,view-dashboard
zmdi zmdi-view-day,view-day
zmdi zmdi-view-headline,view-headline
zmdi zmdi-view-list-alt,view-list-alt
zmdi zmdi-view-list,view-list
zmdi zmdi-view-module,view-module
zmdi zmdi-view-quilt,view-quilt
zmdi zmdi-view-stream,view-stream
zmdi zmdi-view-subtitles,view-subtitles
zmdi zmdi-view-toc,view-toc
zmdi zmdi-view-web,view-web
zmdi zmdi-view-week,view-week
zmdi zmdi-widgets,widgets
zmdi zmdi-alarm-check,alarm-check
zmdi zmdi-alarm-off,alarm-off
zmdi zmdi-alarm-plus,alarm-plus
zmdi zmdi-alarm-snooze,alarm-snooze
zmdi zmdi-alarm,alarm
zmdi zmdi-calendar-alt,calendar-alt
zmdi zmdi-calendar-check,calendar-check
zmdi zmdi-calendar-close,calendar-close
zmdi zmdi-calendar-note,calendar-note
zmdi zmdi-calendar,calendar
zmdi zmdi-time-countdown,time-countdown
zmdi zmdi-time-interval,time-interval
zmdi zmdi-time-restore-setting,time-restore-setting
zmdi zmdi-time-restore,time-restore
zmdi zmdi-time,time
zmdi zmdi-timer-off,timer-off
zmdi zmdi-timer,timer
zmdi zmdi-android-alt,android-alt
zmdi zmdi-android,android
zmdi zmdi-apple,apple
zmdi zmdi-behance,behance
zmdi zmdi-codepen,codepen
zmdi zmdi-dribbble,dribbble
zmdi zmdi-dropbox,dropbox
zmdi zmdi-evernote,evernote
zmdi zmdi-facebook-box,facebook-box
zmdi zmdi-facebook,facebook
zmdi zmdi-github-box,github-box
zmdi zmdi-github,github
zmdi zmdi-google-drive,google-drive
zmdi zmdi-google-earth,google-earth
zmdi zmdi-google-glass,google-glass
zmdi zmdi-google-maps,google-maps
zmdi zmdi-google-pages,google-pages
zmdi zmdi-google-play,google-play
zmdi zmdi-google-plus-box,google-plus-box
zmdi zmdi-google-plus,google-plus
zmdi zmdi-google,google
zmdi zmdi-instagram,instagram
zmdi zmdi-language-css3,language-css3
zmdi zmdi-language-html5,language-html5
zmdi zmdi-language-javascript,language-javascript
zmdi zmdi-language-python-alt,language-python-alt
zmdi zmdi-language-python,language-python
zmdi zmdi-lastfm,lastfm
zmdi zmdi-linkedin-box,linkedin-box
zmdi zmdi-paypal,paypal
zmdi zmdi-pinterest-box,pinterest-box
zmdi zmdi-pocket,pocket
zmdi zmdi-polymer,polymer
zmdi zmdi-rss,rss
zmdi zmdi-share,share
zmdi zmdi-stackoverflow,stackoverflow
zmdi zmdi-steam-square,steam-square
zmdi zmdi-steam,steam
zmdi zmdi-twitter-box,twitter-box
zmdi zmdi-twitter,twitter
zmdi zmdi-vk,vk
zmdi zmdi-wikipedia,wikipedia
zmdi zmdi-windows,windows
zmdi zmdi-500px,500px
zmdi zmdi-8tracks,8tracks
zmdi zmdi-amazon,amazon
zmdi zmdi-blogger,blogger
zmdi zmdi-delicious,delicious
zmdi zmdi-disqus,disqus
zmdi zmdi-flattr,flattr
zmdi zmdi-flickr,flickr
zmdi zmdi-github-alt,github-alt
zmdi zmdi-google-old,google-old
zmdi zmdi-linkedin,linkedin
zmdi zmdi-odnoklassniki,odnoklassniki
zmdi zmdi-outlook,outlook
zmdi zmdi-paypal-alt,paypal-alt
zmdi zmdi-pinterest,pinterest
zmdi zmdi-playstation,playstation
zmdi zmdi-reddit,reddit
zmdi zmdi-skype,skype
zmdi zmdi-slideshare,slideshare
zmdi zmdi-soundcloud,soundcloud
zmdi zmdi-tumblr,tumblr
zmdi zmdi-twitch,twitch
zmdi zmdi-vimeo,vimeo
zmdi zmdi-whatsapp,whatsapp
zmdi zmdi-xbox,xbox
zmdi zmdi-yahoo,yahoo
zmdi zmdi-youtube-play,youtube-play
zmdi zmdi-youtube,youtube
zmdi zmdi-aspect-ratio-alt,aspect-ratio-alt
zmdi zmdi-aspect-ratio,aspect-ratio
zmdi zmdi-blur-circular,blur-circular
zmdi zmdi-blur-linear,blur-linear
zmdi zmdi-blur-off,blur-off
zmdi zmdi-blur,blur
zmdi zmdi-brightness-2,brightness-2
zmdi zmdi-brightness-3,brightness-3
zmdi zmdi-brightness-4,brightness-4
zmdi zmdi-brightness-5,brightness-5
zmdi zmdi-brightness-6,brightness-6
zmdi zmdi-brightness-7,brightness-7
zmdi zmdi-brightness-auto,brightness-auto
zmdi zmdi-brightness-setting,brightness-setting
zmdi zmdi-broken-image,broken-image
zmdi zmdi-center-focus-strong,center-focus-strong
zmdi zmdi-center-focus-weak,center-focus-weak
zmdi zmdi-compare,compare
zmdi zmdi-crop-16-9,crop-16-9
zmdi zmdi-crop-3-2,crop-3-2
zmdi zmdi-crop-5-4,crop-5-4
zmdi zmdi-crop-7-5,crop-7-5
zmdi zmdi-crop-din,crop-din
zmdi zmdi-crop-free,crop-free
zmdi zmdi-crop-landscape,crop-landscape
zmdi zmdi-crop-portrait,crop-portrait
zmdi zmdi-crop-square,crop-square
zmdi zmdi-exposure-alt,exposure-alt
zmdi zmdi-exposure,exposure
zmdi zmdi-filter-b-and-w,filter-b-and-w
zmdi zmdi-filter-center-focus,filter-center-focus
zmdi zmdi-filter-frames,filter-frames
zmdi zmdi-filter-tilt-shift,filter-tilt-shift
zmdi zmdi-gradient,gradient
zmdi zmdi-grain,grain
zmdi zmdi-graphic-eq,graphic-eq
zmdi zmdi-hdr-off,hdr-off
zmdi zmdi-hdr-strong,hdr-strong
zmdi zmdi-hdr-weak,hdr-weak
zmdi zmdi-hdr,hdr
zmdi zmdi-iridescent,iridescent
zmdi zmdi-leak-off,leak-off
zmdi zmdi-leak,leak
zmdi zmdi-looks,looks
zmdi zmdi-loupe,loupe
zmdi zmdi-panorama-horizontal,panorama-horizontal
zmdi zmdi-panorama-vertical,panorama-vertical
zmdi zmdi-panorama-wide-angle,panorama-wide-angle
zmdi zmdi-photo-size-select-large,photo-size-select-large
zmdi zmdi-photo-size-select-small,photo-size-select-small
zmdi zmdi-picture-in-picture,picture-in-picture
zmdi zmdi-slideshow,slideshow
zmdi zmdi-texture,texture
zmdi zmdi-tonality,tonality
zmdi zmdi-vignette,vignette
zmdi zmdi-wb-auto,wb-auto
zmdi zmdi-eject-alt,eject-alt
zmdi zmdi-eject,eject
zmdi zmdi-equalizer,equalizer
zmdi zmdi-fast-forward,fast-forward
zmdi zmdi-fast-rewind,fast-rewind
zmdi zmdi-forward-10,forward-10
zmdi zmdi-forward-30,forward-30
zmdi zmdi-forward-5,forward-5
zmdi zmdi-hearing,hearing
zmdi zmdi-pause-circle-outline,pause-circle-outline
zmdi zmdi-pause-circle,pause-circle
zmdi zmdi-pause,pause
zmdi zmdi-play-circle-outline,play-circle-outline
zmdi zmdi-play-circle,play-circle
zmdi zmdi-play,play
zmdi zmdi-playlist-audio,playlist-audio
zmdi zmdi-playlist-plus,playlist-plus
zmdi zmdi-repeat-one,repeat-one
zmdi zmdi-repeat,repeat
zmdi zmdi-replay-10,replay-10
zmdi zmdi-replay-30,replay-30
zmdi zmdi-replay-5,replay-5
zmdi zmdi-replay,replay
zmdi zmdi-shuffle,shuffle
zmdi zmdi-skip-next,skip-next
zmdi zmdi-skip-previous,skip-previous
zmdi zmdi-stop,stop
zmdi zmdi-surround-sound,surround-sound
zmdi zmdi-tune,tune
zmdi zmdi-volume-down,volume-down
zmdi zmdi-volume-mute,volume-mute
zmdi zmdi-volume-off,volume-off
zmdi zmdi-volume-up,volume-up
zmdi zmdi-n-1-square,n-1-square
zmdi zmdi-n-2-square,n-2-square
zmdi zmdi-n-3-square,n-3-square
zmdi zmdi-n-4-square,n-4-square
zmdi zmdi-n-5-square,n-5-square
zmdi zmdi-n-6-square,n-6-square
zmdi zmdi-neg-1,neg-1
zmdi zmdi-neg-2,neg-2
zmdi zmdi-plus-1,plus-1
zmdi zmdi-plus-2,plus-2
zmdi zmdi-sec-10,sec-10
zmdi zmdi-sec-3,sec-3
zmdi zmdi-zero,zero
zmdi zmdi-airline-seat-flat-angled,airline-seat-flat-angled
zmdi zmdi-airline-seat-flat,airline-seat-flat
zmdi zmdi-airline-seat-individual-suite,airline-seat-individual-suite
zmdi zmdi-airline-seat-legroom-extra,airline-seat-legroom-extra
zmdi zmdi-airline-seat-legroom-normal,airline-seat-legroom-normal
zmdi zmdi-airline-seat-legroom-reduced,airline-seat-legroom-reduced
zmdi zmdi-airline-seat-recline-extra,airline-seat-recline-extra
zmdi zmdi-airline-seat-recline-normal,airline-seat-recline-normal
zmdi zmdi-airplay,airplay
zmdi zmdi-closed-caption,closed-caption
zmdi zmdi-confirmation-number,confirmation-number
zmdi zmdi-developer-board,developer-board
zmdi zmdi-disc-full,disc-full
zmdi zmdi-explicit,explicit
zmdi zmdi-flight-land,flight-land
zmdi zmdi-flight-takeoff,flight-takeoff
zmdi zmdi-flip-to-back,flip-to-back
zmdi zmdi-flip-to-front,flip-to-front
zmdi zmdi-group-work,group-work
zmdi zmdi-hd,hd
zmdi zmdi-hq,hq
zmdi zmdi-markunread-mailbox,markunread-mailbox
zmdi zmdi-memory,memory
zmdi zmdi-nfc,nfc
zmdi zmdi-play-for-work,play-for-work
zmdi zmdi-power-input,power-input
zmdi zmdi-present-to-all,present-to-all
zmdi zmdi-satellite,satellite
zmdi zmdi-tap-and-play,tap-and-play
zmdi zmdi-vibration,vibration
zmdi zmdi-voicemail,voicemail
